"0","library(tidyverse)"
"2","[37mâ”€â”€ [1mAttaching packages[22m â”€â”€â”€â”€â”€â”€â”€â”€â”€â”€â”€â”€â”€â”€â”€â”€â”€â”€â”€â”€â”€â”€â”€â”€â”€â”€â”€â”€â”€â”€â”€â”€â”€â”€â”€â”€â”€â”€â”€â”€â”€â”€â”€â”€â”€â”€â”€â”€â”€â”€â”€â”€â”€â”€â”€â”€â”€â”€â”€â”€â”€â”€â”€â”€â”€â”€â”€â”€â”€â”€â”€â”€â”€â”€â”€â”€â”€â”€â”€â”€â”€â”€â”€â”€â”€â”€ tidyverse 1.2.1 â”€â”€[39m
"
"2","[37m[32mâœ”[37m [34mggplot2[37m 3.2.1     [32mâœ”[37m [34mpurrr  [37m 0.3.2
[32mâœ”[37m [34mtibble [37m 2.1.3     [32mâœ”[37m [34mdplyr  [37m 0.8.3
[32mâœ”[37m [34mtidyr  [37m 0.8.3     [32mâœ”[37m [34mstringr[37m 1.4.0
[32mâœ”[37m [34mreadr  [37m 1.3.1     [32mâœ”[37m [34mforcats[37m 0.4.0[39m
"
"2","[37mâ”€â”€ [1mConflicts[22m â”€â”€â”€â”€â”€â”€â”€â”€â”€â”€â”€â”€â”€â”€â”€â”€â”€â”€â”€â”€â”€â”€â”€â”€â”€â”€â”€â”€â”€â”€â”€â”€â”€â”€â”€â”€â”€â”€â”€â”€â”€â”€â”€â”€â”€â”€â”€â”€â”€â”€â”€â”€â”€â”€â”€â”€â”€â”€â”€â”€â”€â”€â”€â”€â”€â”€â”€â”€â”€â”€â”€â”€â”€â”€â”€â”€â”€â”€â”€â”€â”€â”€â”€â”€â”€â”€â”€â”€â”€ tidyverse_conflicts() â”€â”€
[31mâœ–[37m [34mdplyr[37m::[32mfilter()[37m masks [34mstats[37m::filter()
[31mâœ–[37m [34mdplyr[37m::[32mlag()[37m    masks [34mstats[37m::lag()[39m
"
"0","library(ggplot2)"
"0","library(phyloseq)"
"0","library(DESeq2)"
"2","Loading required package: S4Vectors
"
"2","Loading required package: stats4
"
"2","Loading required package: BiocGenerics
"
"2","Loading required package: parallel
"
"2","
Attaching package: â€˜BiocGenericsâ€™

"
"2","The following objects are masked from â€˜package:parallelâ€™:

    clusterApply, clusterApplyLB, clusterCall, clusterEvalQ, clusterExport, clusterMap, parApply, parCapply,
    parLapply, parLapplyLB, parRapply, parSapply, parSapplyLB

"
"2","The following objects are masked from â€˜package:dplyrâ€™:

    combine, intersect, setdiff, union

"
"2","The following objects are masked from â€˜package:statsâ€™:

    IQR, mad, sd, var, xtabs

"
"2","The following objects are masked from â€˜package:baseâ€™:

    anyDuplicated, append, as.data.frame, basename, cbind, colnames, dirname, do.call, duplicated, eval, evalq,
    Filter, Find, get, grep, grepl, intersect, is.unsorted, lapply, Map, mapply, match, mget, order, paste, pmax,
    pmax.int, pmin, pmin.int, Position, rank, rbind, Reduce, rownames, sapply, setdiff, sort, table, tapply,
    union, unique, unsplit, which, which.max, which.min

"
"2","
Attaching package: â€˜S4Vectorsâ€™

"
"2","The following objects are masked from â€˜package:dplyrâ€™:

    first, rename

"
"2","The following object is masked from â€˜package:tidyrâ€™:

    expand

"
"2","The following object is masked from â€˜package:baseâ€™:

    expand.grid

"
"2","Loading required package: IRanges
"
"2","
Attaching package: â€˜IRangesâ€™

"
"2","The following objects are masked from â€˜package:dplyrâ€™:

    collapse, desc, slice

"
"2","The following object is masked from â€˜package:purrrâ€™:

    reduce

"
"2","The following object is masked from â€˜package:phyloseqâ€™:

    distance

"
"2","Loading required package: GenomicRanges
"
"2","Loading required package: GenomeInfoDb
"
"2","Loading required package: SummarizedExperiment
"
"2","Loading required package: Biobase
"
"2","Welcome to Bioconductor

    Vignettes contain introductory material; view with 'browseVignettes()'. To cite Bioconductor, see
    'citation(""Biobase"")', and for packages 'citation(""pkgname"")'.

"
"2","
Attaching package: â€˜Biobaseâ€™

"
"2","The following object is masked from â€˜package:phyloseqâ€™:

    sampleNames

"
"2","Loading required package: DelayedArray
"
"2","Loading required package: matrixStats
"
"2","
Attaching package: â€˜matrixStatsâ€™

"
"2","The following objects are masked from â€˜package:Biobaseâ€™:

    anyMissing, rowMedians

"
"2","The following object is masked from â€˜package:dplyrâ€™:

    count

"
"2","Loading required package: BiocParallel
"
"2","
Attaching package: â€˜DelayedArrayâ€™

"
"2","The following objects are masked from â€˜package:matrixStatsâ€™:

    colMaxs, colMins, colRanges, rowMaxs, rowMins, rowRanges

"
"2","The following object is masked from â€˜package:purrrâ€™:

    simplify

"
"2","The following objects are masked from â€˜package:baseâ€™:

    aperm, apply, rowsum

"
"2","Registered S3 methods overwritten by 'htmltools':
  method               from         
  print.html           tools:rstudio
  print.shiny.tag      tools:rstudio
  print.shiny.tag.list tools:rstudio
"
"2","Registered S3 method overwritten by 'htmlwidgets':
  method           from         
  print.htmlwidget tools:rstudio
"
